{"ul": [-71.8317222, 47.7314304], "ur": [-66.0072213, 47.7314304], "lr": [-66.0072213, 42.4893795], "ll": [-71.8317222, 42.4893795]}