{"ul": [-86.1543999, 35.255902], "ur": [-80.3079064, 35.255902], "lr": [-80.3079064, 30.1402202], "ll": [-86.1543999, 30.1402202]}