{"ul": [-119.2767045, 49.6439025], "ur": [-110.51193, 49.6439025], "lr": [-110.51193, 41.1530273], "ll": [-119.2767045, 41.1530273]}