{"ul": [-97.2501767, 49.3962267], "ur": [-89.3503066, 49.3962267], "lr": [-89.3503066, 43.4713241], "ll": [-97.2501767, 43.4713241]}