{"ul": [-125.1159188, 49.9520893], "ur": [-116.0937244, 49.9520893], "lr": [-116.0937244, 44.8771049], "ll": [-125.1159188, 44.8771049]}