{"ul": [-88.0870018, 41.9829513], "ur": [-84.3167951, 41.9829513], "lr": [-84.3167951, 37.5058309], "ll": [-88.0870018, 37.5058309]}