{"ul": [-125.9984505, 47.5124338], "ur": [-115.4480451, 47.5124338], "lr": [-115.4480451, 40.5887303], "ll": [-125.9984505, 40.5887303]}